<?xml version="1.0" encoding="UTF-8"?>

<ValueSet xmlns="http://hl7.org/fhir">
  <id value="miscarriage-or-abortion-stage-of-pregnancy-values"/>
  <text>
    <status value="generated"/><div xmlns="http://www.w3.org/1999/xhtml"><p>This value set includes codes based on the following rules:</p><ul><li>Include these codes as defined in <a href="http://loinc.org"><code>http://loinc.org</code></a><table class="none"><tr><td style="white-space:nowrap"><b>Code</b></td><td><b>Display</b></td></tr><tr><td><a href="https://loinc.org/LP208035-8/">LP208035-8</a></td><td>First trimester</td></tr><tr><td><a href="https://loinc.org/LA21197-1/">LA21197-1</a></td><td>Second trimester</td></tr><tr><td><a href="https://loinc.org/LA21198-9/">LA21198-9</a></td><td>Immediate post-septic abortion</td></tr></table></li><li>Include these codes as defined in <a href="http://www.snomed.org/"><code>http://snomed.info/sct</code></a><table class="none"><tr><td style="white-space:nowrap"><b>Code</b></td><td><b>Display</b></td></tr><tr><td><a href="http://snomed.info/id/19169002">19169002</a></td><td>First trimester</td></tr><tr><td><a href="http://snomed.info/id/255246003">255246003</a></td><td>First trimester</td></tr><tr><td><a href="http://snomed.info/id/85116003">85116003</a></td><td>Second trimester</td></tr><tr><td><a href="http://snomed.info/id/255247007">255247007</a></td><td>Second trimester</td></tr><tr><td><a href="http://snomed.info/id/67465009">67465009</a></td><td>Immediate post-septic abortion</td></tr><tr><td><a href="http://snomed.info/id/255248002">255248002</a></td><td>Immediate post-septic abortion</td></tr></table></li><li>Include these codes as defined in <a href="http://terminology.hl7.org/5.0.0/CodeSystem-icd10.html"><code>http://hl7.org/fhir/sid/icd-10</code></a><table class="none"><tr><td style="white-space:nowrap"><b>Code</b></td><td><b>Display</b></td></tr><tr><td>O03.37</td><td>Immediate post-septic abortion</td></tr></table></li></ul></div>
  </text>
  <url value="http://fhir.org/guides/who/core/ValueSet/miscarriage-or-abortion-stage-of-pregnancy-values"/>
  <version value="0.2.0"/>
  <name value="miscarriage-or-abortion-stage-of-pregnancy-values"/>
  <title value="Miscarriage or abortion stage of pregnancy values"/>
  <status value="draft"/>
  <experimental value="false"/>
  <date value="2023-07-21T14:08:50+00:00"/>
  <publisher value="World Health Organization (WHO)"/>
  <contact>
    <telecom>
      <system value="url"/>
      <value value="https://www.who.int"/>
    </telecom>
  </contact>
  <description value="Codes representing possible values for the Miscarriage or abortion stage of pregnancy element"/>
  <immutable value="true"/>
  <compose>
    <include>
      <system value="http://loinc.org"/>
      <concept>
        <code value="LP208035-8"/>
        <display value="First trimester"/>
      </concept>
      <concept>
        <code value="LA21197-1"/>
        <display value="Second trimester"/>
      </concept>
      <concept>
        <code value="LA21198-9"/>
        <display value="Immediate post-septic abortion"/>
      </concept>
    </include>
    <include>
      <system value="http://snomed.info/sct"/>
      <concept>
        <code value="19169002"/>
        <display value="First trimester"/>
      </concept>
      <concept>
        <code value="255246003"/>
        <display value="First trimester"/>
      </concept>
      <concept>
        <code value="85116003"/>
        <display value="Second trimester"/>
      </concept>
      <concept>
        <code value="255247007"/>
        <display value="Second trimester"/>
      </concept>
      <concept>
        <code value="67465009"/>
        <display value="Immediate post-septic abortion"/>
      </concept>
      <concept>
        <code value="255248002"/>
        <display value="Immediate post-septic abortion"/>
      </concept>
    </include>
    <include>
      <system value="http://hl7.org/fhir/sid/icd-10"/>
      <concept>
        <code value="O03.37"/>
        <display value="Immediate post-septic abortion"/>
      </concept>
    </include>
  </compose>
</ValueSet>