{
  "resourceType" : "ValueSet",
  "id" : "visit-type-values",
  "text" : {
    "status" : "extensions",
    "div" : "<div xmlns=\"http://www.w3.org/1999/xhtml\"><p>This value set includes codes based on the following rules:</p><ul><li>Include these codes as defined in <code>http://who.int/cg/CodeSystem/extended-content</code><table class=\"none\"><tr><td style=\"white-space:nowrap\"><b>Code</b></td><td><b>Display</b></td></tr><tr><td>Returning Client</td><td>Returning client</td></tr><tr><td>Referral</td><td>Referral</td></tr><tr><td>New Client</td><td>New client</td></tr><tr><td>First visit for symptoms</td><td>First visit for symptoms</td></tr><tr><td>STI Follow up</td><td>Follow up for STI management</td></tr></table></li><li>Include these codes as defined in <a href=\"http://terminology.hl7.org/5.0.0/CodeSystem-v2-0276.html\"><code>http://terminology.hl7.org/CodeSystem/v2-0276</code></a><table class=\"none\"><tr><td style=\"white-space:nowrap\"><b>Code</b></td><td><b>Display</b></td><td><b>Definition</b></td></tr><tr><td><a href=\"http://terminology.hl7.org/5.0.0/CodeSystem-v2-0276.html#v2-0276-FOLLOWUP\">FOLLOWUP</a></td><td>Follow up appointment</td><td>A follow up visit from a previous appointment</td></tr></table></li></ul></div>"
  },
  "url" : "http://fhir.org/guides/who/core/ValueSet/visit-type-values",
  "version" : "0.2.0",
  "name" : "visit-type-values",
  "title" : "Visit type values",
  "status" : "draft",
  "experimental" : false,
  "date" : "2023-07-21T14:08:50+00:00",
  "publisher" : "World Health Organization (WHO)",
  "contact" : [{
    "telecom" : [{
      "system" : "url",
      "value" : "https://www.who.int"
    }]
  }],
  "description" : "Codes representing possible values for the Visit type element",
  "immutable" : true,
  "compose" : {
    "include" : [{
      "system" : "http://who.int/cg/CodeSystem/extended-content",
      "concept" : [{
        "code" : "Returning Client",
        "display" : "Returning client"
      },
      {
        "code" : "Referral",
        "display" : "Referral"
      },
      {
        "code" : "New Client",
        "display" : "New client"
      },
      {
        "code" : "First visit for symptoms",
        "display" : "First visit for symptoms"
      },
      {
        "code" : "STI Follow up",
        "display" : "Follow up for STI management"
      }]
    },
    {
      "system" : "http://terminology.hl7.org/CodeSystem/v2-0276",
      "concept" : [{
        "code" : "FOLLOWUP",
        "display" : "Follow up appointment"
      }]
    }]
  }
}