{
  "resourceType" : "ValueSet",
  "id" : "referred-by-values",
  "text" : {
    "status" : "generated",
    "div" : "<div xmlns=\"http://www.w3.org/1999/xhtml\"><p>This value set includes codes based on the following rules:</p><ul><li>Include these codes as defined in <code>http://who.int/cg/CodeSystem/extended-content</code><table class=\"none\"><tr><td style=\"white-space:nowrap\"><b>Code</b></td><td><b>Display</b></td></tr><tr><td>Community</td><td>Community</td></tr><tr><td>Facility</td><td>Facility</td></tr></table></li><li>Include these codes as defined in <a href=\"http://www.snomed.org/\"><code>http://snomed.info/sct</code></a><table class=\"none\"><tr><td style=\"white-space:nowrap\"><b>Code</b></td><td><b>Display</b></td></tr><tr><td><a href=\"http://snomed.info/id/309015008\">309015008</a></td><td>Facility</td></tr></table></li></ul></div>"
  },
  "url" : "http://fhir.org/guides/who/core/ValueSet/referred-by-values",
  "version" : "0.2.0",
  "name" : "referred-by-values",
  "title" : "Referred by values",
  "status" : "draft",
  "experimental" : false,
  "date" : "2023-07-21T14:08:50+00:00",
  "publisher" : "World Health Organization (WHO)",
  "contact" : [{
    "telecom" : [{
      "system" : "url",
      "value" : "https://www.who.int"
    }]
  }],
  "description" : "Codes representing possible values for the Referred by element",
  "immutable" : true,
  "compose" : {
    "include" : [{
      "system" : "http://who.int/cg/CodeSystem/extended-content",
      "concept" : [{
        "code" : "Community",
        "display" : "Community"
      },
      {
        "code" : "Facility",
        "display" : "Facility"
      }]
    },
    {
      "system" : "http://snomed.info/sct",
      "concept" : [{
        "code" : "309015008",
        "display" : "Facility"
      }]
    }]
  }
}