<?xml version="1.0" encoding="UTF-8"?>

<ValueSet xmlns="http://hl7.org/fhir">
  <id value="careplanbirthcontrolmethods-values"/>
  <text>
    <status value="generated"/><div xmlns="http://www.w3.org/1999/xhtml"><p>This value set includes codes based on the following rules:</p><ul><li>Include these codes as defined in <a href="http://www.snomed.org/"><code>http://snomed.info/sct</code></a><table class="none"><tr><td style="white-space:nowrap"><b>Code</b></td><td><b>Display</b></td></tr><tr><td><a href="http://snomed.info/id/169450001">169450001</a></td><td>No CarePlan-based method</td></tr><tr><td><a href="http://snomed.info/id/169513000">169513000</a></td><td>Withdrawal</td></tr><tr><td><a href="http://snomed.info/id/455501000124105">455501000124105</a></td><td>Fertility awareness-based methods (FAB)</td></tr><tr><td><a href="http://snomed.info/id/454441000124107">454441000124107</a></td><td>Lactational amenorrhea method (LAM)</td></tr><tr><td><a href="http://snomed.info/id/455491000124102">455491000124102</a></td><td>Male relying on female method</td></tr></table></li><li>Include these codes as defined in <a href="http://loinc.org"><code>http://loinc.org</code></a><table class="none"><tr><td style="white-space:nowrap"><b>Code</b></td><td><b>Display</b></td></tr><tr><td><a href="https://loinc.org/LA14549-2/">LA14549-2</a></td><td>Withdrawal</td></tr><tr><td><a href="https://loinc.org/LA27918-4/">LA27918-4</a></td><td>Fertility awareness-based methods (FAB)</td></tr><tr><td><a href="https://loinc.org/LA27919-2/">LA27919-2</a></td><td>Lactational amenorrhea method (LAM)</td></tr><tr><td><a href="https://loinc.org/LA27920-0/">LA27920-0</a></td><td>Male relying on female method</td></tr></table></li></ul></div>
  </text>
  <url value="http://fhir.org/guides/who/core/ValueSet/careplanbirthcontrolmethods-values"/>
  <version value="0.2.0"/>
  <name value="careplanbirthcontrolmethods-values"/>
  <title value="Prior contraceptive methods used - CarePlan-based values"/>
  <status value="draft"/>
  <experimental value="false"/>
  <date value="2023-07-21T14:08:50+00:00"/>
  <publisher value="World Health Organization (WHO)"/>
  <contact>
    <telecom>
      <system value="url"/>
      <value value="https://www.who.int"/>
    </telecom>
  </contact>
  <description value="Codes representing possible values for the Prior contraceptive methods used - CarePlan-based element"/>
  <immutable value="true"/>
  <compose>
    <include>
      <system value="http://snomed.info/sct"/>
      <concept>
        <code value="169450001"/>
        <display value="No CarePlan-based method"/>
      </concept>
      <concept>
        <code value="169513000"/>
        <display value="Withdrawal"/>
      </concept>
      <concept>
        <code value="455501000124105"/>
        <display value="Fertility awareness-based methods (FAB)"/>
      </concept>
      <concept>
        <code value="454441000124107"/>
        <display value="Lactational amenorrhea method (LAM)"/>
      </concept>
      <concept>
        <code value="455491000124102"/>
        <display value="Male relying on female method"/>
      </concept>
    </include>
    <include>
      <system value="http://loinc.org"/>
      <concept>
        <code value="LA14549-2"/>
        <display value="Withdrawal"/>
      </concept>
      <concept>
        <code value="LA27918-4"/>
        <display value="Fertility awareness-based methods (FAB)"/>
      </concept>
      <concept>
        <code value="LA27919-2"/>
        <display value="Lactational amenorrhea method (LAM)"/>
      </concept>
      <concept>
        <code value="LA27920-0"/>
        <display value="Male relying on female method"/>
      </concept>
    </include>
  </compose>
</ValueSet>