{
  "resourceType" : "ValueSet",
  "id" : "procedurebirthcontrolmethods-values",
  "text" : {
    "status" : "generated",
    "div" : "<div xmlns=\"http://www.w3.org/1999/xhtml\"><p>This value set includes codes based on the following rules:</p><ul><li>Include these codes as defined in <a href=\"http://www.snomed.org/\"><code>http://snomed.info/sct</code></a><table class=\"none\"><tr><td style=\"white-space:nowrap\"><b>Code</b></td><td><b>Display</b></td></tr><tr><td><a href=\"http://snomed.info/id/169450001\">169450001</a></td><td>No Procedure-based method</td></tr><tr><td><a href=\"http://snomed.info/id/275572005\">275572005</a></td><td>Female sterilization</td></tr><tr><td><a href=\"http://snomed.info/id/60890002\">60890002</a></td><td>Female sterilization</td></tr><tr><td><a href=\"http://snomed.info/id/22523008\">22523008</a></td><td>Male sterilization</td></tr><tr><td><a href=\"http://snomed.info/id/399141000\">399141000</a></td><td>Male sterilization</td></tr></table></li><li>Include these codes as defined in <a href=\"http://loinc.org\"><code>http://loinc.org</code></a><table class=\"none\"><tr><td style=\"white-space:nowrap\"><b>Code</b></td><td><b>Display</b></td></tr><tr><td><a href=\"https://loinc.org/LA27905-1/\">LA27905-1</a></td><td>Female sterilization</td></tr><tr><td><a href=\"https://loinc.org/LA14534-4/\">LA14534-4</a></td><td>Male sterilization</td></tr></table></li></ul></div>"
  },
  "url" : "http://fhir.org/guides/who/core/ValueSet/procedurebirthcontrolmethods-values",
  "version" : "0.2.0",
  "name" : "procedurebirthcontrolmethods-values",
  "title" : "Prior contraceptive methods used - Procedure-based values",
  "status" : "draft",
  "experimental" : false,
  "date" : "2023-07-21T14:08:50+00:00",
  "publisher" : "World Health Organization (WHO)",
  "contact" : [{
    "telecom" : [{
      "system" : "url",
      "value" : "https://www.who.int"
    }]
  }],
  "description" : "Codes representing possible values for the Prior contraceptive methods used - Procedure-based element",
  "immutable" : true,
  "compose" : {
    "include" : [{
      "system" : "http://snomed.info/sct",
      "concept" : [{
        "code" : "169450001",
        "display" : "No Procedure-based method"
      },
      {
        "code" : "275572005",
        "display" : "Female sterilization"
      },
      {
        "code" : "60890002",
        "display" : "Female sterilization"
      },
      {
        "code" : "22523008",
        "display" : "Male sterilization"
      },
      {
        "code" : "399141000",
        "display" : "Male sterilization"
      }]
    },
    {
      "system" : "http://loinc.org",
      "concept" : [{
        "code" : "LA27905-1",
        "display" : "Female sterilization"
      },
      {
        "code" : "LA14534-4",
        "display" : "Male sterilization"
      }]
    }]
  }
}