{
  "resourceType" : "ValueSet",
  "id" : "sti-risk-assessment-factors-values",
  "text" : {
    "status" : "generated",
    "div" : "<div xmlns=\"http://www.w3.org/1999/xhtml\"><p>This value set includes codes based on the following rules:</p><ul><li>Include these codes as defined in <a href=\"http://www.snomed.org/\"><code>http://snomed.info/sct</code></a><table class=\"none\"><tr><td style=\"white-space:nowrap\"><b>Code</b></td><td><b>Display</b></td></tr><tr><td><a href=\"http://snomed.info/id/449344001\">449344001</a></td><td>Sex worker</td></tr><tr><td><a href=\"http://snomed.info/id/171128005\">171128005</a></td><td>Referral for STI screening</td></tr><tr><td><a href=\"http://snomed.info/id/228467001\">228467001</a></td><td>Casual sexual partner</td></tr><tr><td><a href=\"http://snomed.info/id/473386008\">473386008</a></td><td>No condom use during sex</td></tr><tr><td><a href=\"http://snomed.info/id/225516002\">225516002</a></td><td>Patient with multiple sexual partners</td></tr></table></li><li>Include these codes as defined in <a href=\"http://terminology.hl7.org/5.0.0/CodeSystem-icd10.html\"><code>http://hl7.org/fhir/sid/icd-10</code></a><table class=\"none\"><tr><td style=\"white-space:nowrap\"><b>Code</b></td><td><b>Display</b></td></tr><tr><td>Z20.6</td><td>Sex with HIV+ person</td></tr><tr><td>z13.9</td><td>Referral for STI screening</td></tr><tr><td>Z72.51</td><td>Patient with multiple sexual partners</td></tr><tr><td>Z72.52</td><td>Patient with multiple sexual partners</td></tr><tr><td>Z72.53</td><td>Patient with multiple sexual partners</td></tr></table></li></ul></div>"
  },
  "url" : "http://fhir.org/guides/who/core/ValueSet/sti-risk-assessment-factors-values",
  "version" : "0.2.0",
  "name" : "sti-risk-assessment-factors-values",
  "title" : "STI risk assessment factors values",
  "status" : "draft",
  "experimental" : false,
  "date" : "2023-07-21T14:08:50+00:00",
  "publisher" : "World Health Organization (WHO)",
  "contact" : [{
    "telecom" : [{
      "system" : "url",
      "value" : "https://www.who.int"
    }]
  }],
  "description" : "Codes representing possible values for the STI risk assessment factors element",
  "immutable" : true,
  "compose" : {
    "include" : [{
      "system" : "http://snomed.info/sct",
      "concept" : [{
        "code" : "449344001",
        "display" : "Sex worker"
      },
      {
        "code" : "171128005",
        "display" : "Referral for STI screening"
      },
      {
        "code" : "228467001",
        "display" : "Casual sexual partner"
      },
      {
        "code" : "473386008",
        "display" : "No condom use during sex"
      },
      {
        "code" : "225516002",
        "display" : "Patient with multiple sexual partners"
      }]
    },
    {
      "system" : "http://hl7.org/fhir/sid/icd-10",
      "concept" : [{
        "code" : "Z20.6",
        "display" : "Sex with HIV+ person"
      },
      {
        "code" : "z13.9",
        "display" : "Referral for STI screening"
      },
      {
        "code" : "Z72.51",
        "display" : "Patient with multiple sexual partners"
      },
      {
        "code" : "Z72.52",
        "display" : "Patient with multiple sexual partners"
      },
      {
        "code" : "Z72.53",
        "display" : "Patient with multiple sexual partners"
      }]
    }]
  }
}