<?xml version="1.0" encoding="UTF-8"?><ValueSet xmlns="http://hl7.org/fhir"><id value="miscarriage-or-abortion-values"/><text><status value="generated"/><div xmlns="http://www.w3.org/1999/xhtml"><p>This value set includes codes based on the following rules:</p><ul><li>Include these codes as defined in <a href="http://loinc.org"><code>http://loinc.org</code></a><table class="none"><tr><td style="white-space:nowrap"><b>Code</b></td><td><b>Display</b></td></tr><tr><td><a href="https://loinc.org/LA14272-1/">LA14272-1</a></td><td>Miscarriage</td></tr><tr><td><a href="https://loinc.org/LA14668-0/">LA14668-0</a></td><td>Abortion</td></tr></table></li><li>Include these codes as defined in <a href="http://terminology.hl7.org/5.0.0/CodeSystem-icd10.html"><code>http://hl7.org/fhir/sid/icd-10</code></a><table class="none"><tr><td style="white-space:nowrap"><b>Code</b></td><td><b>Display</b></td></tr><tr><td>O03.9</td><td>Miscarriage</td></tr><tr><td>O03.9</td><td>Abortion</td></tr></table></li><li>Include these codes as defined in <a href="http://www.snomed.org/"><code>http://snomed.info/sct</code></a><table class="none"><tr><td style="white-space:nowrap"><b>Code</b></td><td><b>Display</b></td></tr><tr><td><a href="http://snomed.info/id/713651007">713651007</a></td><td>Miscarriage</td></tr><tr><td><a href="http://snomed.info/id/363681007">363681007</a></td><td>Abortion</td></tr></table></li></ul></div></text><url value="http://fhir.org/guides/who/core/ValueSet/miscarriage-or-abortion-values"/><version value="0.2.0"/><name value="miscarriage-or-abortion-values"/><title value="Miscarriage or Abortion values"/><status value="draft"/><experimental value="false"/><date value="2023-07-21T14:08:50+00:00"/><publisher value="World Health Organization (WHO)"/><contact><telecom><system value="url"/><value value="https://www.who.int"/></telecom></contact><description value="Codes representing possible values for the Miscarriage or Abortion element"/><immutable value="true"/><compose><include><system value="http://loinc.org"/><concept><code value="LA14272-1"/><display value="Miscarriage"/></concept><concept><code value="LA14668-0"/><display value="Abortion"/></concept></include><include><system value="http://hl7.org/fhir/sid/icd-10"/><concept><code value="O03.9"/><display value="Miscarriage"/></concept><concept><code value="O03.9"/><display value="Abortion"/></concept></include><include><system value="http://snomed.info/sct"/><concept><code value="713651007"/><display value="Miscarriage"/></concept><concept><code value="363681007"/><display value="Abortion"/></concept></include></compose></ValueSet>