<?xml version="1.0" encoding="UTF-8"?><ValueSet xmlns="http://hl7.org/fhir"><id value="occupation-values"/><text><status value="generated"/><div xmlns="http://www.w3.org/1999/xhtml"><p>This value set includes codes based on the following rules:</p><ul><li>Include these codes as defined in <a href="http://www.snomed.org/"><code>http://snomed.info/sct</code></a><table class="none"><tr><td style="white-space:nowrap"><b>Code</b></td><td><b>Display</b></td></tr><tr><td><a href="http://snomed.info/id/73438004">73438004</a></td><td>Unemployed</td></tr><tr><td><a href="http://snomed.info/id/224363007">224363007</a></td><td>Formal employment</td></tr></table></li><li>Include these codes as defined in <code>http://who.int/cg/CodeSystem/extended-content</code><table class="none"><tr><td style="white-space:nowrap"><b>Code</b></td><td><b>Display</b></td></tr><tr><td>Other</td><td>Other (specify)</td></tr></table></li></ul></div></text><url value="http://fhir.org/guides/who/core/ValueSet/occupation-values"/><version value="0.2.0"/><name value="occupation-values"/><title value="Occupation values"/><status value="draft"/><experimental value="false"/><date value="2023-07-21T14:08:50+00:00"/><publisher value="World Health Organization (WHO)"/><contact><telecom><system value="url"/><value value="https://www.who.int"/></telecom></contact><description value="Codes representing possible values for the Occupation element"/><immutable value="true"/><compose><include><system value="http://snomed.info/sct"/><concept><code value="73438004"/><display value="Unemployed"/></concept><concept><code value="224363007"/><display value="Formal employment"/></concept></include><include><system value="http://who.int/cg/CodeSystem/extended-content"/><concept><code value="Other"/><display value="Other (specify)"/></concept></include></compose></ValueSet>