<?xml version="1.0" encoding="UTF-8"?>

<ValueSet xmlns="http://hl7.org/fhir">
  <id value="referred-by-values"/>
  <text>
    <status value="generated"/><div xmlns="http://www.w3.org/1999/xhtml"><p>This value set includes codes based on the following rules:</p><ul><li>Include these codes as defined in <code>http://who.int/cg/CodeSystem/extended-content</code><table class="none"><tr><td style="white-space:nowrap"><b>Code</b></td><td><b>Display</b></td></tr><tr><td>Community</td><td>Community</td></tr><tr><td>Facility</td><td>Facility</td></tr></table></li><li>Include these codes as defined in <a href="http://www.snomed.org/"><code>http://snomed.info/sct</code></a><table class="none"><tr><td style="white-space:nowrap"><b>Code</b></td><td><b>Display</b></td></tr><tr><td><a href="http://snomed.info/id/309015008">309015008</a></td><td>Facility</td></tr></table></li></ul></div>
  </text>
  <url value="http://fhir.org/guides/who/core/ValueSet/referred-by-values"/>
  <version value="0.2.0"/>
  <name value="referred-by-values"/>
  <title value="Referred by values"/>
  <status value="draft"/>
  <experimental value="false"/>
  <date value="2023-07-21T14:08:50+00:00"/>
  <publisher value="World Health Organization (WHO)"/>
  <contact>
    <telecom>
      <system value="url"/>
      <value value="https://www.who.int"/>
    </telecom>
  </contact>
  <description value="Codes representing possible values for the Referred by element"/>
  <immutable value="true"/>
  <compose>
    <include>
      <system value="http://who.int/cg/CodeSystem/extended-content"/>
      <concept>
        <code value="Community"/>
        <display value="Community"/>
      </concept>
      <concept>
        <code value="Facility"/>
        <display value="Facility"/>
      </concept>
    </include>
    <include>
      <system value="http://snomed.info/sct"/>
      <concept>
        <code value="309015008"/>
        <display value="Facility"/>
      </concept>
    </include>
  </compose>
</ValueSet>