<?xml version="1.0" encoding="UTF-8"?>

<ValueSet xmlns="http://hl7.org/fhir">
  <id value="drug-allergies-values"/>
  <text>
    <status value="generated"/><div xmlns="http://www.w3.org/1999/xhtml"><p>This value set includes codes based on the following rules:</p><ul><li>Include these codes as defined in <a href="http://loinc.org"><code>http://loinc.org</code></a><table class="none"><tr><td style="white-space:nowrap"><b>Code</b></td><td><b>Display</b></td></tr><tr><td><a href="https://loinc.org/la32-8/">la32-8</a></td><td>None</td></tr><tr><td><a href="https://loinc.org/la12688-0/">la12688-0</a></td><td>Don't know</td></tr></table></li><li>Include these codes as defined in <a href="http://www.nlm.nih.gov/research/umls/rxnorm"><code>http://www.nlm.nih.gov/research/umls/rxnorm</code></a><table class="none"><tr><td style="white-space:nowrap"><b>Code</b></td><td><b>Display</b></td></tr><tr><td>70618</td><td>Penicillin</td></tr><tr><td>117466</td><td>PrEP tenofovir disoproxil fumarate</td></tr></table></li><li>Include these codes as defined in <code>http://who.int/cg/CodeSystem/extended-content</code><table class="none"><tr><td style="white-space:nowrap"><b>Code</b></td><td><b>Display</b></td></tr><tr><td>Other</td><td>Other</td></tr></table></li></ul></div>
  </text>
  <url value="http://fhir.org/guides/who/core/ValueSet/drug-allergies-values"/>
  <version value="0.2.0"/>
  <name value="drug-allergies-values"/>
  <title value="Drug allergies values"/>
  <status value="draft"/>
  <experimental value="false"/>
  <date value="2023-07-21T14:08:50+00:00"/>
  <publisher value="World Health Organization (WHO)"/>
  <contact>
    <telecom>
      <system value="url"/>
      <value value="https://www.who.int"/>
    </telecom>
  </contact>
  <description value="Codes representing possible values for the Drug allergies element"/>
  <immutable value="true"/>
  <compose>
    <include>
      <system value="http://loinc.org"/>
      <concept>
        <code value="la32-8"/>
        <display value="None"/>
      </concept>
      <concept>
        <code value="la12688-0"/>
        <display value="Don't know"/>
      </concept>
    </include>
    <include>
      <system value="http://www.nlm.nih.gov/research/umls/rxnorm"/>
      <concept>
        <code value="70618"/>
        <display value="Penicillin"/>
      </concept>
      <concept>
        <code value="117466"/>
        <display value="PrEP tenofovir disoproxil fumarate"/>
      </concept>
    </include>
    <include>
      <system value="http://who.int/cg/CodeSystem/extended-content"/>
      <concept>
        <code value="Other"/>
        <display value="Other"/>
      </concept>
    </include>
  </compose>
</ValueSet>