{"resourceType":"ValueSet","id":"payment-method-values","text":{"status":"generated","div":"<div xmlns=\"http://www.w3.org/1999/xhtml\"><ul><li>Include these codes as defined in <code>http://who.int/cg/CodeSystem/extended-content</code><table class=\"none\"><tr><td style=\"white-space:nowrap\"><b>Code</b></td><td><b>Display</b></td></tr><tr><td>G</td><td>Government</td></tr><tr><td>I</td><td>Insurance</td></tr></table></li></ul></div>"},"url":"http://fhir.org/guides/who/core/ValueSet/payment-method-values","version":"0.2.0","name":"payment-method-values","title":"Payment method values","status":"draft","experimental":false,"date":"2023-07-21T14:08:50+00:00","publisher":"World Health Organization (WHO)","contact":[{"telecom":[{"system":"url","value":"https://www.who.int"}]}],"description":"Codes representing possible values for the Payment method element","immutable":true,"compose":{"include":[{"system":"http://who.int/cg/CodeSystem/extended-content","concept":[{"code":"G","display":"Government"},{"code":"I","display":"Insurance"}]}]}}