{"resourceType":"ValueSet","id":"miscarriage-or-abortion-stage-of-pregnancy-values","text":{"status":"generated","div":"<div xmlns=\"http://www.w3.org/1999/xhtml\"><p>This value set includes codes based on the following rules:</p><ul><li>Include these codes as defined in <a href=\"http://loinc.org\"><code>http://loinc.org</code></a><table class=\"none\"><tr><td style=\"white-space:nowrap\"><b>Code</b></td><td><b>Display</b></td></tr><tr><td><a href=\"https://loinc.org/LP208035-8/\">LP208035-8</a></td><td>First trimester</td></tr><tr><td><a href=\"https://loinc.org/LA21197-1/\">LA21197-1</a></td><td>Second trimester</td></tr><tr><td><a href=\"https://loinc.org/LA21198-9/\">LA21198-9</a></td><td>Immediate post-septic abortion</td></tr></table></li><li>Include these codes as defined in <a href=\"http://www.snomed.org/\"><code>http://snomed.info/sct</code></a><table class=\"none\"><tr><td style=\"white-space:nowrap\"><b>Code</b></td><td><b>Display</b></td></tr><tr><td><a href=\"http://snomed.info/id/19169002\">19169002</a></td><td>First trimester</td></tr><tr><td><a href=\"http://snomed.info/id/255246003\">255246003</a></td><td>First trimester</td></tr><tr><td><a href=\"http://snomed.info/id/85116003\">85116003</a></td><td>Second trimester</td></tr><tr><td><a href=\"http://snomed.info/id/255247007\">255247007</a></td><td>Second trimester</td></tr><tr><td><a href=\"http://snomed.info/id/67465009\">67465009</a></td><td>Immediate post-septic abortion</td></tr><tr><td><a href=\"http://snomed.info/id/255248002\">255248002</a></td><td>Immediate post-septic abortion</td></tr></table></li><li>Include these codes as defined in <a href=\"http://terminology.hl7.org/5.0.0/CodeSystem-icd10.html\"><code>http://hl7.org/fhir/sid/icd-10</code></a><table class=\"none\"><tr><td style=\"white-space:nowrap\"><b>Code</b></td><td><b>Display</b></td></tr><tr><td>O03.37</td><td>Immediate post-septic abortion</td></tr></table></li></ul></div>"},"url":"http://fhir.org/guides/who/core/ValueSet/miscarriage-or-abortion-stage-of-pregnancy-values","version":"0.2.0","name":"miscarriage-or-abortion-stage-of-pregnancy-values","title":"Miscarriage or abortion stage of pregnancy values","status":"draft","experimental":false,"date":"2023-07-21T14:08:50+00:00","publisher":"World Health Organization (WHO)","contact":[{"telecom":[{"system":"url","value":"https://www.who.int"}]}],"description":"Codes representing possible values for the Miscarriage or abortion stage of pregnancy element","immutable":true,"compose":{"include":[{"system":"http://loinc.org","concept":[{"code":"LP208035-8","display":"First trimester"},{"code":"LA21197-1","display":"Second trimester"},{"code":"LA21198-9","display":"Immediate post-septic abortion"}]},{"system":"http://snomed.info/sct","concept":[{"code":"19169002","display":"First trimester"},{"code":"255246003","display":"First trimester"},{"code":"85116003","display":"Second trimester"},{"code":"255247007","display":"Second trimester"},{"code":"67465009","display":"Immediate post-septic abortion"},{"code":"255248002","display":"Immediate post-septic abortion"}]},{"system":"http://hl7.org/fhir/sid/icd-10","concept":[{"code":"O03.37","display":"Immediate post-septic abortion"}]}]}}