{"resourceType":"ValueSet","id":"current-medications-values","text":{"status":"generated","div":"<div xmlns=\"http://www.w3.org/1999/xhtml\"><p>This value set includes codes based on the following rules:</p><ul><li>Include these codes as defined in <code>http://who.int/cg/CodeSystem/extended-content</code><table class=\"none\"><tr><td style=\"white-space:nowrap\"><b>Code</b></td><td><b>Display</b></td></tr><tr><td>Don't know</td><td>Don't know</td></tr><tr><td>STI medication</td><td>STI medication</td></tr><tr><td>Other Antibiotics</td><td>Other antibiotics</td></tr><tr><td>Other</td><td>Other (specify)</td></tr></table></li><li>Include these codes as defined in <a href=\"http://www.snomed.org/\"><code>http://snomed.info/sct</code></a><table class=\"none\"><tr><td style=\"white-space:nowrap\"><b>Code</b></td><td><b>Display</b></td></tr><tr><td><a href=\"http://snomed.info/id/788081006\">788081006</a></td><td>Antivirals</td></tr><tr><td><a href=\"http://snomed.info/id/788075003\">788075003</a></td><td>Antiretrovirals</td></tr><tr><td><a href=\"http://snomed.info/id/409516001\">409516001</a></td><td>PrEP</td></tr></table></li></ul></div>"},"url":"http://fhir.org/guides/who/core/ValueSet/current-medications-values","version":"0.2.0","name":"current-medications-values","title":"Current medications values","status":"draft","experimental":false,"date":"2023-07-21T14:08:50+00:00","publisher":"World Health Organization (WHO)","contact":[{"telecom":[{"system":"url","value":"https://www.who.int"}]}],"description":"Codes representing possible values for the Current medications element","immutable":true,"compose":{"include":[{"system":"http://who.int/cg/CodeSystem/extended-content","concept":[{"code":"Don't know","display":"Don't know"},{"code":"STI medication","display":"STI medication"},{"code":"Other Antibiotics","display":"Other antibiotics"},{"code":"Other","display":"Other (specify)"}]},{"system":"http://snomed.info/sct","concept":[{"code":"788081006","display":"Antivirals"},{"code":"788075003","display":"Antiretrovirals"},{"code":"409516001","display":"PrEP"}]}]}}