{"resourceType":"ValueSet","id":"gender-values","text":{"status":"extensions","div":"<div xmlns=\"http://www.w3.org/1999/xhtml\"><ul><li>Include these codes as defined in <a href=\"http://hl7.org/fhir/R4/codesystem-administrative-gender.html\"><code>http://hl7.org/fhir/administrative-gender</code></a><table class=\"none\"><tr><td style=\"white-space:nowrap\"><b>Code</b></td><td><b>Display</b></td><td><b>Definition</b></td></tr><tr><td><a href=\"http://hl7.org/fhir/R4/codesystem-administrative-gender.html#administrative-gender-female\">female</a></td><td>Female</td><td>Female.</td></tr><tr><td><a href=\"http://hl7.org/fhir/R4/codesystem-administrative-gender.html#administrative-gender-male\">male</a></td><td>Male</td><td>Male.</td></tr><tr><td><a href=\"http://hl7.org/fhir/R4/codesystem-administrative-gender.html#administrative-gender-other\">other</a></td><td>Other</td><td>Other.</td></tr></table></li></ul></div>"},"url":"http://fhir.org/guides/who/core/ValueSet/gender-values","version":"0.2.0","name":"gender-values","title":"Gender values","status":"draft","experimental":false,"date":"2023-07-21T14:08:50+00:00","publisher":"World Health Organization (WHO)","contact":[{"telecom":[{"system":"url","value":"https://www.who.int"}]}],"description":"Codes representing possible values for the Gender element","immutable":true,"compose":{"include":[{"system":"http://hl7.org/fhir/administrative-gender","concept":[{"code":"female","display":"Female"},{"code":"male","display":"Male"},{"code":"other","display":"Other"}]}]}}