{"resourceType":"ValueSet","id":"miscarriage-or-abortion-values","text":{"status":"generated","div":"<div xmlns=\"http://www.w3.org/1999/xhtml\"><p>This value set includes codes based on the following rules:</p><ul><li>Include these codes as defined in <a href=\"http://loinc.org\"><code>http://loinc.org</code></a><table class=\"none\"><tr><td style=\"white-space:nowrap\"><b>Code</b></td><td><b>Display</b></td></tr><tr><td><a href=\"https://loinc.org/LA14272-1/\">LA14272-1</a></td><td>Miscarriage</td></tr><tr><td><a href=\"https://loinc.org/LA14668-0/\">LA14668-0</a></td><td>Abortion</td></tr></table></li><li>Include these codes as defined in <a href=\"http://terminology.hl7.org/5.0.0/CodeSystem-icd10.html\"><code>http://hl7.org/fhir/sid/icd-10</code></a><table class=\"none\"><tr><td style=\"white-space:nowrap\"><b>Code</b></td><td><b>Display</b></td></tr><tr><td>O03.9</td><td>Miscarriage</td></tr><tr><td>O03.9</td><td>Abortion</td></tr></table></li><li>Include these codes as defined in <a href=\"http://www.snomed.org/\"><code>http://snomed.info/sct</code></a><table class=\"none\"><tr><td style=\"white-space:nowrap\"><b>Code</b></td><td><b>Display</b></td></tr><tr><td><a href=\"http://snomed.info/id/713651007\">713651007</a></td><td>Miscarriage</td></tr><tr><td><a href=\"http://snomed.info/id/363681007\">363681007</a></td><td>Abortion</td></tr></table></li></ul></div>"},"url":"http://fhir.org/guides/who/core/ValueSet/miscarriage-or-abortion-values","version":"0.2.0","name":"miscarriage-or-abortion-values","title":"Miscarriage or Abortion values","status":"draft","experimental":false,"date":"2023-07-21T14:08:50+00:00","publisher":"World Health Organization (WHO)","contact":[{"telecom":[{"system":"url","value":"https://www.who.int"}]}],"description":"Codes representing possible values for the Miscarriage or Abortion element","immutable":true,"compose":{"include":[{"system":"http://loinc.org","concept":[{"code":"LA14272-1","display":"Miscarriage"},{"code":"LA14668-0","display":"Abortion"}]},{"system":"http://hl7.org/fhir/sid/icd-10","concept":[{"code":"O03.9","display":"Miscarriage"},{"code":"O03.9","display":"Abortion"}]},{"system":"http://snomed.info/sct","concept":[{"code":"713651007","display":"Miscarriage"},{"code":"363681007","display":"Abortion"}]}]}}